frame,ball_id,vx,vy,speed
0,0,0.0,0.0,0.0
0,1,0.0,0.0,0.0
0,2,0.0,0.0,0.0
0,3,0.0,0.0,0.0
0,4,0.0,0.0,0.0
0,5,0.0,0.0,0.0
0,6,0.0,0.0,0.0
1,0,0.0,0.0,0.0
1,1,0.0,0.0,0.0
1,2,0.0,0.0,0.0
1,3,0.0,0.0,0.0
1,4,0.0,0.0,0.0
1,5,0.0,0.0,0.0
1,6,0.0,0.0,0.0
2,0,0.0,0.0,0.0
2,1,0.0,0.0,0.0
2,2,0.0,0.0,0.0
2,3,0.0,0.0,0.0
2,4,0.0,0.0,0.0
2,5,0.0,0.0,0.0
2,6,0.0,0.0,0.0
3,0,0.0,0.0,0.0
3,1,0.0,0.0,0.0
3,2,0.0,0.0,0.0
3,3,0.0,0.0,0.0
3,4,0.0,0.0,0.0
3,5,0.0,0.0,0.0
3,6,0.0,0.0,0.0
4,0,0.0,0.0,0.0
4,1,0.0,0.0,0.0
4,2,0.0,0.0,0.0
4,3,0.0,0.0,0.0
4,4,0.0,0.0,0.0
4,5,0.0,0.0,0.0
4,6,0.0,0.0,0.0
5,0,0.0,-0.48,0.48
5,1,0.0,0.0,0.0
5,2,0.0,0.0,0.0
5,3,0.0,0.0,0.0
5,4,0.0,0.0,0.0
5,5,0.0,0.0,0.0
5,6,0.0,0.0,0.0
6,0,0.0,-0.24,0.24
6,1,0.48,0.0,0.48
6,2,0.0,0.0,0.0
6,3,-0.48,0.0,0.48
6,4,0.0,0.0,0.0
6,5,0.0,0.0,0.0
6,6,0.0,0.0,0.0
7,0,0.0,-0.15999999999999998,0.15999999999999998
7,1,0.24,0.0,0.24
7,2,0.0,0.0,0.0
7,3,-0.24,0.0,0.24
7,4,0.0,0.0,0.0
7,5,0.0,0.0,0.0
7,6,0.0,0.0,0.0
8,0,0.0,-0.12,0.12
8,1,0.15999999999999998,0.0,0.15999999999999998
8,2,0.0,0.0,0.0
8,3,-0.15999999999999998,0.0,0.15999999999999998
8,4,0.0,0.0,0.0
8,5,0.0,0.0,0.0
8,6,0.0,0.0,0.0
9,0,0.0,0.0,0.0
9,1,0.12,0.0,0.12
9,2,0.0,0.0,0.0
9,3,-0.12,0.0,0.12
9,4,0.0,0.0,0.0
9,5,0.0,0.0,0.0
9,6,0.0,0.0,0.0
10,0,0.0,0.0,0.0
10,1,0.0,0.0,0.0
10,2,0.0,0.0,0.0
10,3,0.0,0.0,0.0
10,4,0.0,0.0,0.0
10,5,0.0,0.0,0.0
10,6,0.0,0.0,0.0
11,0,0.0,0.0,0.0
11,1,0.0,0.0,0.0
11,2,0.0,0.0,0.0
11,3,0.0,0.0,0.0
11,4,0.0,0.0,0.0
11,5,0.0,0.0,0.0
11,6,0.0,0.0,0.0
12,0,0.0,0.0,0.0
12,1,0.0,0.0,0.0
12,2,0.0,0.0,0.0
12,3,0.0,0.0,0.0
12,4,0.0,0.0,0.0
12,5,0.0,0.0,0.0
12,6,0.0,0.0,0.0
13,0,0.0,0.0,0.0
13,1,0.0,0.0,0.0
13,2,0.0,0.0,0.0
13,3,0.0,0.0,0.0
13,4,0.0,0.0,0.0
13,5,0.0,0.0,0.0
13,6,0.0,0.0,0.0
14,0,0.0,0.48,0.48
14,1,0.0,0.0,0.0
14,2,0.0,0.0,0.0
14,3,0.0,0.0,0.0
14,4,0.0,0.0,0.0
14,5,0.0,0.0,0.0
14,6,0.0,0.0,0.0
15,0,0.0,0.24,0.24
15,1,0.0,0.0,0.0
15,2,0.0,0.0,0.0
15,3,0.0,0.0,0.0
15,4,0.0,0.0,0.0
15,5,0.0,0.0,0.0
15,6,0.0,0.0,0.0
16,0,0.0,0.15999999999999998,0.15999999999999998
16,1,0.0,0.0,0.0
16,2,0.0,0.0,0.0
16,3,0.0,0.0,0.0
16,4,0.0,0.0,0.0
16,5,0.0,0.0,0.0
16,6,0.0,0.0,0.0
17,0,0.0,0.12,0.12
17,1,0.0,0.0,0.0
17,2,0.0,0.0,0.0
17,3,0.0,0.0,0.0
17,4,0.0,0.0,0.0
17,5,0.0,0.0,0.0
17,6,0.0,0.0,0.0
18,0,0.0,0.0,0.0
18,1,0.0,0.0,0.0
18,2,0.0,0.0,0.0
18,3,0.0,0.0,0.0
18,4,0.0,0.0,0.0
18,5,0.0,0.0,0.0
18,6,0.0,0.0,0.0
19,0,0.0,-0.48,0.48
19,1,0.0,0.0,0.0
19,2,0.0,0.0,0.0
19,3,0.0,0.0,0.0
19,4,0.0,0.0,0.0
19,5,0.0,0.0,0.0
19,6,0.0,0.0,0.0
20,0,0.0,0.24,0.24
20,1,0.0,0.0,0.0
20,2,0.0,0.0,0.0
20,3,0.0,0.0,0.0
20,4,0.0,0.0,0.0
20,5,0.0,0.0,0.0
20,6,0.0,0.0,0.0
21,0,0.0,0.08,0.08
21,1,0.0,0.0,0.0
21,2,0.0,0.0,0.0
21,3,0.0,0.0,0.0
21,4,0.0,0.0,0.0
21,5,0.0,0.0,0.0
21,6,0.0,0.0,0.0
22,0,0.0,0.03999999999999999,0.03999999999999999
22,1,0.0,0.0,0.0
22,2,0.0,0.0,0.0
22,3,0.0,0.0,0.0
22,4,0.0,0.0,0.0
22,5,0.0,0.0,0.0
22,6,0.0,0.0,0.0
23,0,0.0,0.12,0.12
23,1,0.0,0.0,0.0
23,2,0.0,0.0,0.0
23,3,0.0,0.0,0.0
23,4,0.0,0.0,0.0
23,5,0.0,0.0,0.0
23,6,0.0,0.0,0.0
24,0,0.0,0.0,0.0
24,1,0.0,0.0,0.0
24,2,0.0,0.0,0.0
24,3,0.0,0.0,0.0
24,4,0.0,0.0,0.0
24,5,0.0,0.0,0.0
24,6,0.0,0.0,0.0
25,0,0.0,0.0,0.0
25,1,0.0,0.0,0.0
25,2,0.0,0.0,0.0
25,3,0.0,0.0,0.0
25,4,0.0,0.0,0.0
25,5,0.0,0.0,0.0
25,6,0.0,0.0,0.0
26,0,0.0,0.0,0.0
26,1,0.0,0.0,0.0
26,2,0.0,0.0,0.0
26,3,0.0,0.0,0.0
26,4,0.0,0.0,0.0
26,5,0.0,0.0,0.0
26,6,0.0,0.0,0.0
27,0,0.0,0.0,0.0
27,1,0.0,0.0,0.0
27,2,0.0,0.0,0.0
27,3,0.0,0.0,0.0
27,4,0.0,0.0,0.0
27,5,0.0,0.0,0.0
27,6,0.0,0.0,0.0
28,0,0.0,0.0,0.0
28,1,0.0,0.0,0.0
28,2,0.0,0.0,0.0
28,3,0.0,0.0,0.0
28,4,0.0,0.0,0.0
28,5,0.0,0.0,0.0
28,6,0.0,0.0,0.0
29,0,0.0,0.0,0.0
29,1,0.0,0.0,0.0
29,2,0.0,0.0,0.0
29,3,0.0,0.0,0.0
29,4,0.0,0.0,0.0
29,5,0.0,0.0,0.0
29,6,0.0,0.0,0.0
30,0,0.0,0.0,0.0
30,1,0.0,0.0,0.0
30,2,0.0,0.0,0.0
30,3,0.0,0.0,0.0
30,4,0.0,0.0,0.0
30,5,0.0,0.0,0.0
30,6,0.0,0.0,0.0
31,0,0.0,0.0,0.0
31,1,0.0,0.0,0.0
31,2,0.0,0.0,0.0
31,3,0.0,0.0,0.0
31,4,0.0,0.0,0.0
31,5,0.0,0.0,0.0
31,6,0.0,0.0,0.0
32,0,0.0,0.0,0.0
32,1,0.0,0.0,0.0
32,2,0.0,0.0,0.0
32,3,0.0,0.0,0.0
32,4,0.0,0.0,0.0
32,5,0.0,0.0,0.0
32,6,0.0,0.0,0.0
33,0,0.0,0.0,0.0
33,1,0.0,0.0,0.0
33,2,0.0,0.0,0.0
33,3,0.0,0.0,0.0
33,4,0.0,0.0,0.0
33,5,0.0,0.0,0.0
33,6,0.0,0.0,0.0
34,0,0.0,0.0,0.0
34,1,0.0,0.0,0.0
34,2,0.0,0.0,0.0
34,3,0.0,0.0,0.0
34,4,0.0,0.0,0.0
34,5,0.0,0.0,0.0
34,6,0.0,0.0,0.0
35,0,0.0,0.0,0.0
35,1,0.0,0.0,0.0
35,2,0.0,0.0,0.0
35,3,0.0,0.0,0.0
35,4,0.0,0.0,0.0
35,5,0.0,0.0,0.0
35,6,0.0,0.0,0.0
36,0,0.0,0.0,0.0
36,1,0.0,0.0,0.0
36,2,0.0,0.0,0.0
36,3,0.0,0.0,0.0
36,4,0.0,0.0,0.0
36,5,0.0,0.0,0.0
36,6,0.0,0.0,0.0
37,0,0.0,0.0,0.0
37,1,0.0,0.0,0.0
37,2,0.0,0.0,0.0
37,3,0.0,0.0,0.0
37,4,0.0,0.0,0.0
37,5,0.0,0.0,0.0
37,6,0.0,0.0,0.0
38,0,0.0,-0.48,0.48
38,1,0.0,0.0,0.0
38,2,0.0,0.0,0.0
38,3,0.0,0.0,0.0
38,4,0.0,0.0,0.0
38,5,0.0,0.0,0.0
38,6,0.0,0.0,0.0
39,0,0.0,-0.24,0.24
39,1,0.0,0.0,0.0
39,2,0.0,0.0,0.0
39,3,0.0,0.0,0.0
39,4,0.0,0.0,0.0
39,5,0.0,0.0,0.0
39,6,0.0,0.0,0.0
40,0,0.0,-0.15999999999999998,0.15999999999999998
40,1,0.0,0.0,0.0
40,2,0.0,0.0,0.0
40,3,0.0,0.0,0.0
40,4,0.0,0.0,0.0
40,5,1.44,0.48,1.517893276880822
40,6,0.0,0.0,0.0
41,0,0.0,-0.12,0.12
41,1,0.0,0.0,0.0
41,2,0.0,0.0,0.0
41,3,0.48,0.0,0.48
41,4,0.0,0.0,0.0
41,5,0.72,0.24,0.758946638440411
41,6,0.0,0.0,0.0
42,0,0.0,0.0,0.0
42,1,0.0,0.0,0.0
42,2,0.0,0.0,0.0
42,3,-0.24,0.0,0.24
42,4,0.0,0.0,0.0
42,5,0.48,0.15999999999999998,0.5059644256269407
42,6,0.0,0.0,0.0
43,0,0.0,0.0,0.0
43,1,0.0,0.0,0.0
43,2,0.0,0.0,0.0
43,3,-0.08,0.0,0.08
43,4,0.0,0.0,0.0
43,5,0.36,0.12,0.3794733192202055
43,6,0.0,0.0,0.0
44,0,0.0,0.0,0.0
44,1,0.0,0.0,0.0
44,2,0.0,0.0,0.0
44,3,-0.03999999999999999,0.0,0.03999999999999999
44,4,0.48,0.0,0.48
44,5,0.0,0.0,0.0
44,6,0.0,0.0,0.0
44,7,0.0,0.0,0.0
45,0,0.0,0.0,0.0
45,1,0.0,0.0,0.0
45,2,0.0,0.0,0.0
45,3,-0.12,0.0,0.12
45,4,-0.24,0.0,0.24
45,5,0.0,0.0,0.0
45,6,0.0,0.0,0.0
45,7,0.0,0.0,0.0
45,8,0.0,0.0,0.0
46,0,0.0,0.0,0.0
46,1,0.0,0.0,0.0
46,2,0.0,0.0,0.0
46,3,0.0,0.0,0.0
46,4,-0.08,0.0,0.08
46,5,0.0,0.0,0.0
46,6,0.0,0.0,0.0
46,7,0.0,0.0,0.0
46,8,45.0,4.0,45.17742799230607
47,0,0.0,0.0,0.0
47,1,0.0,0.0,0.0
47,2,0.0,0.0,0.0
47,3,0.0,0.0,0.0
47,4,-0.03999999999999999,0.0,0.03999999999999999
47,5,0.0,0.0,0.0
47,6,0.0,0.0,0.0
47,7,0.0,0.0,0.0
47,8,67.0,9.333333333333334,67.64695936338241
48,0,0.0,0.0,0.0
48,1,0.0,0.0,0.0
48,2,0.0,0.0,0.0
48,3,0.0,0.0,0.0
48,4,-0.12,0.0,0.12
48,6,0.0,0.0,0.0
48,7,0.0,0.0,0.0
48,8,43.63636363636364,5.636363636363637,43.99887301336571
49,0,0.0,0.0,0.0
49,1,0.0,0.0,0.0
49,2,0.0,0.0,0.0
49,3,0.0,0.0,0.0
49,4,0.0,0.0,0.0
49,6,0.0,0.0,0.0
49,7,0.0,0.0,0.0
49,8,47.63999999999999,5.52,47.95873226014215
50,0,0.0,0.0,0.0
50,1,0.0,0.0,0.0
50,2,0.0,0.0,0.0
50,3,0.0,0.0,0.0
50,4,0.0,0.0,0.0
50,6,0.0,0.0,0.0
50,7,0.0,0.0,0.0
50,8,48.32,6.0,48.69109158768162
51,0,0.0,0.0,0.0
51,1,0.0,0.0,0.0
51,2,0.0,0.0,0.0
51,3,0.0,0.0,0.0
51,4,0.0,0.0,0.0
51,6,0.0,0.0,0.0
51,7,0.0,0.0,0.0
51,8,45.03999999999999,4.999999999999999,45.31668125536113
52,0,0.0,0.0,0.0
52,1,0.0,0.0,0.0
52,2,0.0,0.0,0.0
52,3,0.48,0.0,0.48
52,4,0.0,0.0,0.0
52,6,0.0,0.0,0.0
52,8,47.4,6.119999999999999,47.793455618944314
53,0,0.0,0.0,0.0
53,1,0.0,0.0,0.0
53,2,0.0,0.0,0.0
53,3,0.24,0.0,0.24
53,4,0.0,0.0,0.0
53,6,0.0,0.0,0.0
53,8,47.12,6.079999999999999,47.510638808586855
54,0,0.0,0.0,0.0
54,1,0.0,0.0,0.0
54,2,0.0,0.0,0.0
54,3,0.15999999999999998,0.0,0.15999999999999998
54,4,0.0,0.0,0.0
54,6,0.0,0.0,0.0
54,8,46.519999999999996,5.079999999999999,46.796546881153525
55,0,0.0,0.0,0.0
55,1,0.0,0.0,0.0
55,2,0.0,0.0,0.0
55,3,0.12,0.0,0.12
55,4,0.0,0.0,0.0
55,6,0.0,0.0,0.0
55,8,45.8,5.159999999999999,46.08975591169907
56,0,0.0,0.0,0.0
56,1,0.0,0.0,0.0
56,2,0.0,0.0,0.0
56,3,0.0,0.0,0.0
56,4,0.0,0.0,0.0
56,6,0.0,0.0,0.0
56,8,55.959999999999994,6.3999999999999995,56.32478672840226
57,0,0.0,0.0,0.0
57,1,0.0,0.0,0.0
57,2,0.0,0.0,0.0
57,3,0.0,0.0,0.0
57,4,0.0,0.0,0.0
57,6,0.0,0.0,0.0
57,8,39.36,4.159999999999999,39.57922687471295
58,0,0.0,0.0,0.0
58,1,0.0,0.0,0.0
58,2,0.0,0.0,0.0
58,3,-0.48,0.0,0.48
58,4,0.0,0.0,0.0
58,6,0.0,0.0,0.0
58,8,51.63999999999999,5.72,51.95582739212224
59,0,0.0,0.0,0.0
59,1,0.0,0.0,0.0
59,2,0.0,0.0,0.0
59,3,-0.24,0.0,0.24
59,4,0.0,0.0,0.0
59,6,0.0,0.0,0.0
59,8,46.839999999999996,5.359999999999999,47.14568060808964
60,0,0.0,0.0,0.0
60,1,0.0,0.0,0.0
60,2,0.0,0.0,0.0
60,3,-0.15999999999999998,0.0,0.15999999999999998
60,4,0.0,0.0,0.0
60,6,0.0,0.0,0.0
60,8,32.879999999999995,3.5199999999999996,33.067881698106994
61,0,0.0,0.0,0.0
61,1,0.0,0.0,0.0
61,2,0.0,0.0,0.0
61,3,-0.12,0.0,0.12
61,4,0.0,0.0,0.0
61,6,0.0,0.0,0.0
61,8,38.519999999999996,6.4399999999999995,39.05462840688668
62,0,0.0,0.0,0.0
62,1,0.0,0.0,0.0
62,2,0.0,0.0,0.0
62,3,0.0,0.0,0.0
62,4,0.0,0.0,0.0
62,6,0.0,0.0,0.0
62,8,18.0,3.08,18.26161000569227
63,0,0.0,0.0,0.0
63,1,0.0,0.0,0.0
63,2,3.84,10.08,10.786658426037231
63,3,0.0,0.0,0.0
63,4,0.0,0.0,0.0
63,6,0.0,0.0,0.0
63,8,8.919999999999998,1.68,9.076827639654725
63,9,0.0,0.0,0.0
64,0,0.0,0.0,0.0
64,1,0.0,0.0,0.0
64,2,7.199999999999999,11.76,13.789039125334295
64,3,0.0,0.0,0.0
64,4,0.0,0.0,0.0
64,6,0.0,0.0,0.0
64,8,4.8,1.0799999999999998,4.92
64,9,30.0,-11.0,31.953090617340916
65,0,0.0,0.0,0.0
65,1,0.0,0.0,0.0
65,2,6.319999999999999,13.919999999999998,15.287537407967312
65,3,0.0,0.0,0.0
65,4,0.0,0.0,0.0
65,6,0.0,0.0,0.0
65,8,0.0,0.0,0.0
65,9,17.333333333333332,-9.666666666666666,19.84663419547226
66,0,0.0,0.0,0.0
66,1,0.0,0.0,0.0
66,2,7.759999999999998,14.599999999999998,16.534134389196186
66,3,0.0,0.0,0.0
66,4,0.0,0.0,0.0
66,6,0.0,0.0,0.0
66,8,0.0,0.0,0.0
66,9,0.8181818181818182,-7.7272727272727275,7.770467507766583
67,0,0.0,0.0,0.0
67,1,0.0,0.0,0.0
67,2,7.3999999999999995,12.0,14.098226838861686
67,3,0.0,0.0,0.0
67,4,0.0,0.0,0.0
67,6,0.0,0.0,0.0
67,8,0.0,0.0,0.0
67,9,-8.079999999999998,-8.04,11.398596404821076
68,0,0.0,0.0,0.0
68,1,0.0,0.0,0.0
68,2,3.5599999999999996,6.279999999999999,7.21886417658623
68,3,0.0,0.0,0.0
68,4,0.0,0.0,0.0
68,6,0.0,0.0,0.0
68,8,0.0,0.0,0.0
68,9,-15.079999999999998,-6.359999999999999,16.366306852799745
69,0,0.0,0.0,0.0
69,1,0.0,0.0,0.0
69,2,6.879999999999999,15.159999999999998,16.648123017325407
69,3,0.48,0.0,0.48
69,4,0.0,0.0,0.0
69,6,0.0,0.0,0.0
69,9,-17.759999999999998,-6.079999999999999,18.77189388420891
70,0,0.0,0.0,0.0
70,1,0.0,0.0,0.0
70,2,6.6,12.479999999999999,14.117733529146948
70,3,0.24,0.0,0.24
70,4,0.0,0.0,0.0
70,6,0.48,2.88,2.919726014543145
70,9,-17.799999999999997,-5.6,18.66011789887727
71,0,0.0,0.0,0.0
71,1,0.0,0.0,0.0
71,2,4.719999999999999,9.04,10.198039027185569
71,3,0.15999999999999998,0.0,0.15999999999999998
71,4,0.0,0.0,0.0
71,6,0.24,1.44,1.4598630072715726
71,9,-13.399999999999999,-4.199999999999999,14.042791745233565
72,0,0.0,0.0,0.0
72,1,0.0,0.0,0.0
72,2,5.919999999999999,14.6,15.754567591654173
72,3,0.12,0.0,0.12
72,4,0.0,0.0,0.0
72,6,0.15999999999999998,0.96,0.9732420048477152
72,9,-17.959999999999997,-5.6,18.81280415036525
73,0,0.0,0.0,0.0
73,1,0.0,-0.48,0.48
73,3,0.0,0.0,0.0
73,4,0.0,0.0,0.0
73,6,2.52,-4.56,5.209990403062179
73,9,-16.68,-5.159999999999999,17.459896906912135
74,0,0.0,0.0,0.0
74,1,0.0,-0.24,0.24
74,3,0.0,0.0,0.0
74,4,0.0,0.0,0.0
74,6,1.2,-2.6399999999999997,2.8999310336626967
74,9,-16.279999999999998,-5.079999999999999,17.054172509975377
75,0,0.0,0.0,0.0
75,1,0.0,-0.15999999999999998,0.15999999999999998
75,3,0.0,0.0,0.0
75,4,0.0,0.0,0.0
75,6,-2.08,0.16000000000000006,2.086144769664848
75,9,-16.839999999999996,-5.239999999999999,17.636416869647867
76,0,0.0,0.0,0.0
76,1,0.0,-0.12,0.12
76,3,0.0,0.0,0.0
76,4,0.0,0.0,0.0
76,6,-0.84,-0.36,0.913892772703669
76,9,-11.679999999999998,-4.52,12.524088789209374
77,0,0.0,0.0,0.0
77,1,0.0,0.0,0.0
77,3,0.0,0.0,0.0
77,4,0.0,0.0,0.0
77,6,-0.96,0.6399999999999999,1.1537764081484765
77,9,-17.68,-5.72,18.582271120613864
78,0,0.0,0.0,0.0
78,1,0.0,0.0,0.0
78,3,0.0,0.0,0.0
78,4,0.0,0.0,0.0
78,6,-0.72,0.48,0.8653323061113574
78,9,-12.159999999999998,-4.359999999999999,12.91801842389149
79,0,0.0,0.0,0.0
79,1,0.0,0.0,0.0
79,3,0.0,0.0,0.0
79,4,0.0,0.0,0.0
79,6,0.0,0.0,0.0
79,9,-17.4,-6.159999999999999,18.45821226446375
80,0,0.0,0.0,0.0
80,1,0.0,0.0,0.0
80,3,0.0,0.0,0.0
80,4,0.0,0.0,0.0
80,6,0.0,0.0,0.0
80,9,-16.719999999999995,-5.159999999999999,17.498114184105663
81,0,0.0,0.0,0.0
81,1,0.0,0.0,0.0
81,3,0.0,0.0,0.0
81,4,0.0,0.0,0.0
81,6,0.0,0.0,0.0
81,9,-15.799999999999997,-4.52,16.433818789313698
82,0,0.0,0.0,0.0
82,1,0.0,0.0,0.0
82,3,0.0,0.0,0.0
82,4,0.0,0.0,0.0
82,6,0.0,0.0,0.0
82,9,-16.2,-4.96,16.942302086788562
83,0,0.0,0.0,0.0
83,1,0.0,0.0,0.0
83,3,-0.48,0.0,0.48
83,4,0.0,0.0,0.0
83,6,0.0,0.0,0.0
83,9,-15.159999999999998,-4.72,15.877783220588444
84,0,0.0,0.0,0.0
84,1,0.0,0.0,0.0
84,3,-0.24,0.0,0.24
84,4,0.0,0.0,0.0
84,6,0.0,0.0,0.0
84,9,-15.12,-4.879999999999999,15.888008056392719
85,0,0.0,0.0,0.0
85,1,0.0,0.0,0.0
85,3,-0.15999999999999998,0.0,0.15999999999999998
85,4,0.0,0.0,0.0
85,6,0.0,0.0,0.0
85,9,-14.999999999999998,-4.999999999999999,15.811388300841895
86,0,0.0,0.0,0.0
86,1,0.0,0.0,0.0
86,3,-0.12,0.0,0.12
86,4,0.0,0.0,0.0
86,6,0.0,0.0,0.0
86,9,-14.999999999999998,-4.52,15.666218433304188
87,0,0.0,0.0,0.0
87,1,0.0,0.0,0.0
87,3,0.0,0.0,0.0
87,4,0.0,0.0,0.0
87,6,0.0,0.0,0.0
87,9,-14.52,-5.239999999999999,15.436579932096357
88,0,0.0,0.0,0.0
88,1,0.0,0.0,0.0
88,3,0.0,0.0,0.0
88,4,0.0,0.0,0.0
88,6,0.0,0.0,0.0
88,9,-14.76,-4.6,15.460194047941313
89,0,0.0,0.0,0.0
89,1,0.0,0.0,0.0
89,3,0.0,0.0,0.0
89,4,0.0,0.0,0.0
89,6,0.0,0.0,0.0
89,9,-15.319999999999999,-4.8,16.054357663886773
90,0,0.0,0.0,0.0
90,1,0.0,0.0,0.0
90,3,0.0,0.0,0.0
90,4,0.0,0.0,0.0
90,6,0.0,0.0,0.0
90,9,-14.639999999999999,-4.96,15.457399522558767
91,0,0.0,0.0,0.0
91,1,0.0,0.0,0.0
91,3,0.0,0.0,0.0
91,4,0.0,0.0,0.0
91,6,0.0,0.0,0.0
91,9,-14.919999999999998,-4.879999999999999,15.69779602364612
92,0,0.0,0.0,0.0
92,1,0.0,0.0,0.0
92,3,0.0,0.0,0.0
92,4,0.0,0.0,0.0
92,6,0.0,0.0,0.0
92,9,-14.959999999999997,-4.999999999999999,15.773446040735674
93,0,0.0,0.0,0.0
93,1,0.0,0.0,0.0
93,3,0.0,0.0,0.0
93,4,0.0,0.0,0.0
93,6,0.0,0.0,0.0
93,9,-14.399999999999999,-4.999999999999999,15.243359209832981
94,0,0.0,0.0,0.0
94,1,0.0,0.0,0.0
94,3,0.0,0.0,0.0
94,4,0.0,0.0,0.0
94,6,0.0,0.0,0.0
94,9,-14.76,-4.52,15.436579932096357
95,0,0.0,0.0,0.0
95,1,0.0,0.0,0.0
95,3,0.0,0.0,0.0
95,4,0.0,0.0,0.0
95,6,0.0,0.0,0.0
95,9,-14.359999999999998,-4.279999999999999,14.984258406741388
96,0,0.0,0.0,0.0
96,1,0.0,0.0,0.0
96,3,0.0,0.0,0.0
96,4,0.0,0.0,0.0
96,6,0.0,0.0,0.0
96,9,-14.639999999999999,-4.6,15.345670399171226
97,0,0.0,0.0,0.0
97,1,0.0,0.0,0.0
97,3,0.0,0.0,0.0
97,4,0.0,0.0,0.0
97,6,0.0,0.0,0.0
97,9,-14.359999999999998,-4.72,15.115819527898577
98,0,0.0,0.0,0.0
98,1,0.0,0.0,0.0
98,3,0.0,0.0,0.0
98,4,0.0,0.0,0.0
98,6,0.0,0.0,0.0
98,9,-14.159999999999998,-4.3999999999999995,14.827865658954424
99,0,0.0,0.0,0.0
99,1,0.0,0.0,0.0
99,3,0.0,0.0,0.0
99,4,0.0,0.0,0.0
99,6,0.0,0.0,0.0
99,9,-14.119999999999997,-4.76,14.900738236745182
100,0,0.0,0.0,0.0
100,1,0.0,0.48,0.48
100,3,0.0,0.0,0.0
100,4,0.0,0.0,0.0
100,6,0.0,0.0,0.0
100,9,-13.999999999999998,-4.84,14.813021298843797
101,0,0.0,0.0,0.0
101,1,0.0,0.24,0.24
101,3,0.0,0.0,0.0
101,4,0.0,0.0,0.0
101,6,0.0,0.0,0.0
101,9,-13.999999999999998,-4.879999999999999,14.826139079342266
102,0,0.0,0.0,0.0
102,1,0.0,0.15999999999999998,0.15999999999999998
102,3,0.0,0.0,0.0
102,4,0.0,0.0,0.0
102,6,0.0,0.0,0.0
102,9,-13.999999999999998,-4.52,14.711573675171529
103,0,0.0,0.0,0.0
103,1,0.0,0.12,0.12
103,3,0.0,0.0,0.0
103,4,0.0,0.0,0.0
103,6,0.0,0.0,0.0
103,9,-13.999999999999998,-4.279999999999999,14.63961748134151
104,0,0.0,0.0,0.0
104,1,0.0,0.0,0.0
104,3,0.0,0.0,0.0
104,4,0.0,0.0,0.0
104,6,0.0,0.0,0.0
104,9,-14.479999999999999,-4.6,15.193103698718046
105,0,0.0,0.0,0.0
105,1,0.0,0.0,0.0
105,3,0.0,0.0,0.0
105,4,0.0,0.0,0.0
105,6,0.0,0.0,0.0
105,9,-13.759999999999998,-4.72,14.547027187710896
106,0,0.0,0.0,0.0
106,1,0.0,0.0,0.0
106,3,0.0,0.0,0.0
106,4,0.0,0.0,0.0
106,6,0.0,0.0,0.0
106,9,-13.919999999999998,-4.3999999999999995,14.598849269719855
107,0,0.0,0.0,0.0
107,1,0.0,0.0,0.0
107,3,0.0,0.0,0.0
107,4,0.0,0.0,0.0
107,6,0.0,0.0,0.0
107,9,-13.479999999999999,-4.279999999999999,14.14315382084208
108,0,0.0,0.0,0.0
108,1,0.0,0.0,0.0
108,3,0.0,0.0,0.0
108,4,0.0,0.0,0.0
108,6,0.0,0.0,0.0
108,9,-13.639999999999997,-4.6,14.394776830503483
109,0,0.0,0.0,0.0
109,1,0.0,0.0,0.0
109,3,0.0,0.0,0.0
109,4,0.0,0.0,0.0
109,6,0.0,0.0,0.0
109,9,-13.359999999999998,-4.239999999999999,14.01667578279529
110,0,0.0,0.0,0.0
110,1,0.0,0.0,0.0
110,3,0.0,0.0,0.0
110,4,0.0,0.0,0.0
110,6,0.0,0.0,0.0
110,9,-13.639999999999997,-4.64,14.407609100749504
111,0,0.0,0.0,0.0
111,1,0.0,0.0,0.0
111,3,0.0,0.0,0.0
111,4,0.0,0.0,0.0
111,6,0.0,0.0,0.0
111,9,-13.359999999999998,-4.359999999999999,14.053440859803692
112,0,0.0,0.0,0.0
112,1,0.0,0.0,0.0
112,3,0.0,0.0,0.0
112,4,0.0,0.0,0.0
112,6,0.0,0.0,0.0
112,9,-13.639999999999997,-4.64,14.407609100749504
113,0,0.0,0.0,0.0
113,1,0.0,0.0,0.0
113,3,0.0,0.0,0.0
113,4,0.0,0.0,0.0
113,6,0.0,0.0,0.0
113,9,-13.839999999999998,-4.359999999999999,14.510520321477102
114,0,0.0,0.0,0.0
114,1,0.0,0.0,0.0
114,3,0.0,0.0,0.0
114,4,0.0,0.0,0.0
114,6,0.0,0.0,0.0
114,9,-13.399999999999999,-4.159999999999999,14.030880228980646
115,0,0.0,0.0,0.0
115,1,0.0,0.0,0.0
115,3,0.0,0.0,0.0
115,4,0.0,0.0,0.0
115,6,0.0,0.0,0.0
115,9,-13.279999999999998,-4.6,14.054123949930139
116,0,0.0,0.0,0.0
116,1,0.0,0.0,0.0
116,3,0.0,0.0,0.0
116,4,0.0,0.0,0.0
116,6,0.0,0.0,0.0
116,9,-12.639999999999999,-4.72,13.492516444310898
117,0,0.0,0.0,0.0
117,1,0.0,0.0,0.0
117,3,0.0,0.0,0.0
117,4,0.0,0.0,0.0
117,6,0.0,0.0,0.0
117,9,-13.239999999999998,-4.3999999999999995,13.951974770619389
118,0,0.0,0.0,0.0
118,1,0.0,0.0,0.0
118,3,0.0,0.0,0.0
118,4,0.0,0.0,0.0
118,6,0.0,0.0,0.0
118,9,-12.6,-3.3199999999999994,13.030057559350995
119,0,0.0,0.0,0.0
119,1,0.0,0.0,0.0
119,3,0.0,0.0,0.0
119,4,0.0,0.0,0.0
119,6,0.0,0.0,0.0
119,9,-12.799999999999997,-3.1599999999999997,13.184293686049319
120,0,0.0,0.0,0.0
120,1,0.0,0.0,0.0
120,3,0.0,0.0,0.0
120,4,0.0,0.0,0.0
120,6,0.0,0.0,0.0
120,9,-12.479999999999999,-4.3999999999999995,13.232928625213692
121,0,0.0,0.0,0.0
121,1,0.0,-0.48,0.48
121,3,0.0,0.0,0.0
121,4,0.48,0.48,0.6788225099390857
121,6,0.48,0.0,0.48
121,9,-13.599999999999998,-5.04,14.503847765334548
122,0,0.0,0.0,0.0
122,1,0.0,-0.24,0.24
122,3,0.0,0.0,0.0
122,4,0.24,0.24,0.33941125496954283
122,6,0.24,0.0,0.24
122,9,-13.799999999999999,-4.68,14.571973099069321
123,0,0.0,0.0,0.0
123,1,0.0,-0.15999999999999998,0.15999999999999998
123,3,0.0,0.0,0.0
123,4,0.15999999999999998,0.15999999999999998,0.22627416997969516
123,6,-0.32,0.0,0.32
123,9,-13.44,-4.56,14.192505064293616
124,0,0.0,0.0,0.0
124,1,0.0,-0.12,0.12
124,3,0.0,0.0,0.0
124,4,0.12,0.12,0.16970562748477142
124,6,-0.12,0.0,0.12
124,9,-12.919999999999998,-4.239999999999999,13.597941020610435
125,0,0.0,0.0,0.0
125,1,0.0,0.0,0.0
125,3,0.0,0.0,0.0
125,4,0.0,0.0,0.0
125,6,-0.15999999999999998,0.0,0.15999999999999998
125,9,-13.359999999999998,-3.999999999999999,13.945952817932518
126,0,0.0,0.0,0.0
126,1,0.0,0.0,0.0
126,3,0.0,0.0,0.0
126,4,0.0,0.0,0.0
126,6,-0.12,0.0,0.12
126,9,-12.12,-4.4799999999999995,12.921485982656948
127,0,0.0,0.0,0.0
127,1,0.0,0.0,0.0
127,3,0.0,0.0,0.0
127,4,0.0,0.0,0.0
127,6,0.0,0.0,0.0
127,9,-12.559999999999999,-4.72,13.417600381588356
128,0,0.48,0.0,0.48
128,1,0.0,0.0,0.0
128,3,0.0,0.0,0.0
128,4,0.0,0.0,0.0
128,6,0.0,0.0,0.0
128,9,-13.28,-4.3999999999999995,13.989939242184006
129,0,0.24,0.0,0.24
129,1,0.0,0.0,0.0
129,3,0.0,0.0,0.0
129,4,0.0,0.0,0.0
129,6,0.0,0.0,0.0
129,9,-12.519999999999998,-3.7999999999999994,13.083974931189678
130,0,0.15999999999999998,0.0,0.15999999999999998
130,1,0.0,0.0,0.0
130,3,0.0,0.0,0.0
130,4,0.0,0.0,0.0
130,6,0.0,0.0,0.0
130,9,-12.919999999999998,-3.879999999999999,13.4900259451196
131,0,0.12,0.0,0.12
131,1,0.0,0.0,0.0
131,3,0.0,0.0,0.0
131,4,0.0,0.0,0.0
131,6,0.0,0.0,0.0
131,9,-12.479999999999999,-4.319999999999999,13.206543832509698
132,0,0.0,0.0,0.0
132,1,0.0,0.0,0.0
132,3,0.0,0.0,0.0
132,4,0.0,0.0,0.0
132,6,0.0,0.0,0.0
132,9,-12.639999999999999,-4.119999999999999,13.294510145168944
133,0,0.0,0.0,0.0
133,1,0.0,0.0,0.0
133,3,0.0,0.0,0.0
133,4,0.0,0.0,0.0
133,6,0.0,0.0,0.0
133,9,-11.879999999999999,-4.159999999999999,12.587295182047649
134,0,0.0,0.0,0.0
134,1,0.0,0.0,0.0
134,3,0.0,0.0,0.0
134,4,0.0,0.0,0.0
134,6,0.0,0.0,0.0
134,9,-12.399999999999999,-4.119999999999999,13.066537414326719
135,0,0.0,0.0,0.0
135,1,0.0,0.0,0.0
135,3,0.0,0.0,0.0
135,4,0.0,0.0,0.0
135,6,0.0,0.0,0.0
135,9,-12.2,-3.5199999999999996,12.697653326500923
136,0,0.0,0.0,0.0
136,1,0.0,0.0,0.0
136,3,0.0,0.0,0.0
136,4,0.0,0.0,0.0
136,6,0.0,0.0,0.0
136,9,-12.519999999999998,-3.76,13.072413702143914
137,0,0.0,0.0,0.0
137,1,0.0,0.0,0.0
137,3,0.0,0.0,0.0
137,4,0.0,0.0,0.0
137,6,0.0,0.0,0.0
137,9,-11.879999999999999,-4.319999999999999,12.641075903577194
138,0,0.0,0.0,0.0
138,1,0.0,0.0,0.0
138,3,0.0,0.0,0.0
138,4,0.0,0.0,0.0
138,6,0.0,0.0,0.0
138,9,-11.919999999999998,-4.6,12.776791459517526
139,0,0.0,0.0,0.0
139,1,0.0,0.0,0.0
139,3,0.0,0.0,0.0
139,4,0.0,0.0,0.0
139,6,0.0,0.0,0.0
139,9,-12.44,-4.3999999999999995,13.195211252571895
140,0,0.0,0.0,0.0
140,1,0.0,0.0,0.0
140,3,0.0,0.0,0.0
140,4,0.0,0.0,0.0
140,6,0.0,0.0,0.0
140,9,-12.12,-4.279999999999999,12.853513138438066
141,0,0.0,0.0,0.0
141,1,0.0,0.0,0.0
141,3,0.0,0.0,0.0
141,4,0.0,0.0,0.0
141,6,0.0,0.0,0.0
141,9,-12.159999999999998,-4.119999999999999,12.839003076563225
142,0,0.0,0.0,0.0
142,1,0.0,0.0,0.0
142,3,0.0,0.0,0.0
142,4,0.0,0.0,0.0
142,6,0.0,0.0,0.0
142,9,-11.639999999999999,-2.5599999999999996,11.918187781705738
143,0,0.0,0.0,0.0
143,1,0.0,0.0,0.0
143,3,0.0,0.0,0.0
143,4,0.0,0.0,0.0
143,6,0.0,0.0,0.0
143,9,-11.76,-4.239999999999999,12.501007959360717
144,0,0.0,0.0,0.0
144,1,0.0,0.0,0.0
144,3,0.0,0.0,0.0
144,4,0.0,0.0,0.0
144,6,0.0,0.0,0.0
144,9,-12.32,-3.5199999999999996,12.812993405133712
145,0,0.0,0.0,0.0
145,1,0.0,0.0,0.0
145,3,0.0,0.0,0.0
145,4,0.0,0.0,0.0
145,6,0.0,0.0,0.0
145,9,-11.639999999999999,-4.68,12.54559683713772
146,0,0.0,0.0,0.0
146,1,0.0,0.0,0.0
146,3,0.0,0.0,0.0
146,4,0.0,0.0,0.0
146,6,0.0,0.0,0.0
146,9,-11.919999999999998,-4.08,12.598920588685365
147,0,0.0,0.0,0.0
147,1,0.0,0.0,0.0
147,3,0.0,0.0,0.0
147,4,0.0,0.0,0.0
147,6,0.0,0.0,0.0
147,9,-12.44,-3.0,12.796624554936352
148,0,0.0,0.0,0.0
148,1,0.0,0.0,0.0
148,3,0.0,0.0,0.0
148,4,0.0,0.0,0.0
148,6,0.0,0.0,0.0
148,9,-11.639999999999999,-4.56,12.501327929464132
149,0,0.0,0.0,0.0
149,1,0.0,0.0,0.0
149,3,0.0,0.0,0.0
149,4,0.0,0.0,0.0
149,6,0.0,0.0,0.0
149,9,-10.959999999999999,-2.1199999999999997,11.163153676269085
150,0,0.0,0.0,0.0
150,1,0.0,0.0,0.0
150,3,0.0,0.0,0.0
150,4,0.0,0.0,0.0
150,6,0.0,0.0,0.0
150,9,-11.0,0.72,11.023538451876512
151,0,0.0,0.0,0.0
151,1,0.0,0.0,0.0
151,3,0.0,0.0,0.0
151,4,0.0,0.0,0.0
151,6,0.0,0.0,0.0
151,9,-9.879999999999999,-0.24,9.882914549868373
152,0,0.0,0.0,0.0
152,1,0.0,0.0,0.0
152,3,0.0,0.0,0.0
152,4,0.0,0.0,0.0
152,6,0.0,0.0,0.0
152,9,-9.92,2.32,10.187678832786201
153,0,0.0,0.0,0.0
153,1,0.0,0.0,0.0
153,3,0.0,0.0,0.0
153,4,0.0,0.0,0.0
153,6,0.0,0.0,0.0
153,9,-9.959999999999999,2.2399999999999998,10.208780534422315
154,0,0.0,0.0,0.0
154,1,0.0,0.0,0.0
154,3,0.0,0.0,0.0
154,4,0.0,0.0,0.0
154,6,0.0,0.0,0.0
154,9,-9.879999999999999,1.4799999999999998,9.990235232465748
155,0,0.0,0.0,0.0
155,1,0.0,0.0,0.0
155,3,0.0,0.0,0.0
155,4,0.0,0.0,0.0
155,6,0.0,0.0,0.0
155,9,-9.52,2.48,9.837723313856717
156,0,0.0,0.0,0.0
156,1,0.0,0.0,0.0
156,3,0.0,0.0,0.0
156,4,0.0,0.0,0.0
156,6,0.0,0.0,0.0
157,0,0.0,0.0,0.0
157,1,0.0,0.0,0.0
157,3,0.0,0.0,0.0
157,4,0.0,0.0,0.0
157,6,0.0,0.0,0.0
158,0,0.0,0.0,0.0
158,1,0.0,0.0,0.0
158,3,0.0,0.0,0.0
158,4,0.0,0.0,0.0
158,6,0.48,0.0,0.48
159,0,0.0,0.0,0.0
159,1,0.0,0.0,0.0
159,3,0.0,0.0,0.0
159,4,0.0,0.0,0.0
159,6,0.24,0.0,0.24
160,0,0.0,0.0,0.0
160,1,0.0,0.0,0.0
160,3,0.0,0.0,0.0
160,4,0.0,0.0,0.0
160,6,0.15999999999999998,0.0,0.15999999999999998
161,0,0.0,0.0,0.0
161,1,0.0,0.0,0.0
161,3,0.0,0.0,0.0
161,4,0.0,0.0,0.0
161,6,0.12,0.0,0.12
162,0,0.0,0.0,0.0
162,1,0.0,0.0,0.0
162,3,0.0,0.0,0.0
162,4,0.0,0.0,0.0
162,6,0.0,0.0,0.0
163,0,0.0,0.0,0.0
163,1,0.0,0.0,0.0
163,3,0.0,0.0,0.0
163,4,0.0,0.0,0.0
163,6,0.0,0.0,0.0
164,0,0.0,0.0,0.0
164,1,0.0,0.0,0.0
164,3,0.0,0.0,0.0
164,4,0.0,0.0,0.0
164,6,0.0,0.0,0.0
165,0,0.0,0.0,0.0
165,1,0.0,0.0,0.0
165,3,0.0,0.0,0.0
165,4,0.0,0.0,0.0
165,6,0.0,0.0,0.0
166,0,0.0,0.0,0.0
166,1,0.0,0.0,0.0
166,3,0.0,0.0,0.0
166,4,0.0,0.0,0.0
166,6,0.0,0.0,0.0
167,0,0.0,0.0,0.0
167,1,0.0,0.0,0.0
167,3,0.0,0.0,0.0
167,4,0.0,0.0,0.0
167,6,0.0,0.0,0.0
167,23,0.0,0.0,0.0
168,0,0.0,0.0,0.0
168,1,0.0,0.0,0.0
168,3,0.0,0.0,0.0
168,4,0.0,0.0,0.0
168,6,0.0,0.0,0.0
168,23,2.0,-2.0,2.8284271247461903
169,0,0.0,0.0,0.0
169,1,0.0,0.0,0.0
169,3,0.0,0.0,0.0
169,4,0.0,0.0,0.0
169,6,0.48,0.0,0.48
169,23,2.6666666666666665,-1.3333333333333333,2.9814239699997196
170,0,0.0,0.0,0.0
170,1,0.0,0.0,0.0
170,3,0.0,0.0,0.0
170,4,0.0,0.0,0.0
170,6,0.24,0.0,0.24
170,23,3.3636363636363638,-0.6363636363636364,3.4233037061386784
171,0,0.0,0.0,0.0
171,1,0.0,0.0,0.0
171,3,0.0,0.0,0.0
171,4,0.0,0.0,0.0
171,6,0.15999999999999998,0.0,0.15999999999999998
171,23,3.1199999999999997,-1.3599999999999999,3.403527581789223
172,0,0.0,0.0,0.0
172,1,0.0,0.0,0.0
172,3,0.0,0.0,0.0
172,4,0.0,0.0,0.0
172,6,0.12,0.0,0.12
172,23,3.1599999999999997,-1.0799999999999998,3.339461034358688
173,0,0.0,0.0,0.0
173,1,0.0,0.0,0.0
173,3,0.0,0.0,0.0
173,4,0.0,0.0,0.0
173,6,0.0,0.0,0.0
173,23,3.1199999999999997,-1.5199999999999998,3.4705619141574173
174,0,0.0,0.0,0.0
174,1,0.0,0.0,0.0
174,3,0.0,0.0,0.0
174,4,0.0,0.0,0.0
174,6,0.0,0.0,0.0
174,23,3.0,-0.8799999999999999,3.126403684747061
175,0,0.0,0.0,0.0
175,1,0.0,0.0,0.0
175,3,0.0,0.0,0.0
175,4,0.0,0.0,0.0
175,6,0.0,0.0,0.0
175,23,2.04,0.52,2.105231578710523
176,0,0.0,0.0,0.0
176,1,0.0,0.0,0.0
176,3,0.0,0.0,0.0
176,4,0.0,0.0,0.0
176,6,0.0,0.0,0.0
176,23,2.04,-0.72,2.1633307652783933
177,0,0.0,0.0,0.0
177,1,0.0,0.0,0.0
177,3,0.0,0.0,0.0
177,4,0.0,0.0,0.0
177,6,0.0,0.0,0.0
177,23,1.9600000000000002,0.31999999999999995,1.9859506539690255
178,0,0.0,0.0,0.0
178,1,0.0,0.0,0.0
178,3,0.0,0.0,0.0
178,4,0.0,0.0,0.0
178,6,0.0,0.0,0.0
178,23,1.4,1.5999999999999999,2.1260291625469296
179,0,0.0,0.0,0.0
179,1,0.0,0.0,0.0
179,3,0.0,0.0,0.0
179,4,0.0,0.0,0.0
179,6,0.0,0.0,0.0
179,23,1.7599999999999998,-0.32,1.7888543819998315
180,0,0.0,0.0,0.0
180,1,0.0,0.0,0.0
180,3,0.0,0.0,0.0
180,4,0.0,0.0,0.0
180,6,0.0,0.0,0.0
180,23,1.8399999999999999,1.5599999999999998,2.412301805330336
181,0,0.0,0.0,0.0
181,1,0.0,0.0,0.0
181,3,0.0,0.0,0.0
181,4,0.0,0.0,0.0
181,6,0.0,0.0,0.0
181,23,1.88,0.76,2.0278066969018522
182,0,0.0,0.0,0.0
182,1,0.0,0.0,0.0
182,3,0.0,0.0,0.0
182,4,0.0,0.0,0.0
182,6,0.0,0.0,0.0
182,23,1.5199999999999998,0.72,1.681903683330291
183,0,0.0,0.0,0.0
183,1,0.0,0.0,0.0
183,3,0.0,0.0,0.0
183,4,0.0,0.0,0.0
183,6,0.0,0.0,0.0
183,23,1.7599999999999998,1.0799999999999998,2.064945519862449
184,0,0.0,0.0,0.0
184,1,0.0,0.0,0.0
184,3,0.0,0.0,0.0
184,4,0.0,0.0,0.0
184,6,0.0,0.0,0.0
184,23,1.8399999999999999,-1.0399999999999998,2.113575170179665
185,0,0.0,0.0,0.0
185,1,0.0,0.0,0.0
185,3,0.0,0.0,0.0
185,4,0.0,0.0,0.0
185,6,0.0,0.0,0.0
185,23,1.88,-0.44,1.930802941783547
186,0,0.0,0.0,0.0
186,1,0.0,0.0,0.0
186,3,0.0,0.0,0.0
186,4,0.0,0.0,0.0
186,6,0.0,0.0,0.0
186,23,1.5199999999999998,0.12,1.5247294842036734
187,0,0.0,0.0,0.0
187,1,0.0,0.0,0.0
187,3,0.0,0.0,0.0
187,4,0.0,0.0,0.0
187,6,0.0,0.0,0.0
187,23,1.7599999999999998,0.84,1.9501794789198248
188,0,0.0,0.0,0.0
188,1,0.0,0.0,0.0
188,3,0.0,0.0,0.0
188,4,0.0,0.0,0.0
188,6,0.0,0.0,0.0
188,23,1.3599999999999999,0.6399999999999999,1.5030635382444746
189,0,0.0,0.0,0.0
189,1,0.0,0.0,0.0
189,3,0.0,0.0,0.0
189,4,0.0,0.0,0.0
189,6,-0.96,0.0,0.96
189,23,2.12,-0.52,2.1828421839427605
190,0,0.0,0.0,0.0
190,1,0.0,0.0,0.0
190,3,0.0,0.0,0.0
190,4,0.0,0.0,0.0
190,6,-0.48,0.0,0.48
190,23,1.1199999999999999,0.24,1.1454256850621083
191,0,0.0,0.0,0.0
191,1,0.0,0.0,0.0
191,3,0.0,0.0,0.0
191,4,0.0,0.0,0.0
191,6,-0.31999999999999995,0.0,0.31999999999999995
191,23,1.0799999999999998,-0.07999999999999997,1.0829589096544705
192,0,0.0,0.0,0.0
192,1,0.0,0.0,0.0
192,3,0.0,0.0,0.0
192,4,0.0,0.0,0.0
192,6,-0.24,0.0,0.24
192,23,1.5599999999999998,1.3599999999999999,2.0695893312442446
193,0,0.0,0.0,0.0
193,1,0.0,0.0,0.0
193,3,0.0,0.0,0.0
193,4,0.0,0.0,0.0
193,6,0.0,0.0,0.0
193,23,1.5999999999999999,0.84,1.8070971196922427
194,0,0.0,0.0,0.0
194,1,0.0,0.0,0.0
194,3,0.0,0.0,0.0
194,4,0.0,0.0,0.0
194,6,0.0,0.0,0.0
194,23,0.9199999999999998,2.4,2.5702918122267753
195,0,0.0,0.0,0.0
195,1,0.0,0.0,0.0
195,3,0.0,0.0,0.0
195,4,0.0,0.0,0.0
195,6,0.0,0.0,0.0
195,23,1.0399999999999998,1.3199999999999998,1.680476123008
196,0,0.0,0.0,0.0
196,1,0.0,0.0,0.0
196,3,0.0,0.0,0.0
196,4,0.0,0.0,0.0
196,6,0.0,0.0,0.0
196,23,1.44,0.6399999999999999,1.5758172482873767
197,0,0.0,0.0,0.0
197,1,0.0,0.0,0.0
197,3,0.0,0.0,0.0
197,4,0.0,0.0,0.0
197,6,0.0,0.0,0.0
197,23,1.1199999999999999,0.48,1.2185236969382252
198,0,0.0,0.0,0.0
198,1,0.0,0.0,0.0
198,3,0.0,0.0,0.0
198,4,0.0,0.0,0.0
198,6,0.0,0.0,0.0
198,23,0.6799999999999998,0.96,1.1764352935882192
199,0,0.0,0.0,0.0
199,1,0.0,0.0,0.0
199,3,0.0,0.0,0.0
199,4,0.0,0.0,0.0
199,6,0.0,0.0,0.0
199,23,1.3599999999999999,0.0,1.3599999999999999
200,0,0.0,0.0,0.0
200,1,0.0,0.0,0.0
200,3,0.0,0.0,0.0
200,4,0.0,0.0,0.0
200,6,0.0,0.0,0.0
200,23,1.0799999999999998,0.5599999999999999,1.2165525060596438
201,0,0.0,0.0,0.0
201,1,0.0,0.0,0.0
201,3,0.0,0.0,0.0
201,4,0.0,0.0,0.0
201,6,0.0,0.0,0.0
201,23,1.0399999999999998,0.32,1.0881176406988353
202,0,0.0,0.0,0.0
202,1,0.0,0.0,0.0
202,3,0.0,0.0,0.0
202,4,0.0,0.0,0.0
202,6,0.0,0.0,0.0
202,23,0.6399999999999999,0.03999999999999999,0.6412487816752558
203,0,0.0,0.0,0.0
203,1,0.0,0.0,0.0
203,3,0.0,0.0,0.0
203,4,0.0,0.0,0.0
203,6,0.0,0.0,0.0
203,23,0.7599999999999999,0.12,0.7694153624668537
204,0,0.0,0.0,0.0
204,1,0.0,0.0,0.0
204,3,0.0,0.0,0.0
204,4,0.0,0.0,0.0
204,6,0.0,0.0,0.0
204,23,0.84,0.48,0.9674709297958259
205,0,0.0,0.0,0.0
205,1,0.0,0.0,0.0
205,3,0.0,0.0,0.0
205,4,0.0,0.0,0.0
205,6,0.0,0.0,0.0
205,23,0.8799999999999999,0.24,0.9121403400793103
206,0,0.0,0.0,0.0
206,1,0.0,0.0,0.0
206,3,0.0,0.0,0.0
206,4,0.0,0.0,0.0
206,6,0.0,0.0,0.0
206,23,0.5199999999999999,0.6399999999999999,0.8246211251235319
207,0,0.0,0.0,0.0
207,1,0.0,0.0,0.0
207,3,0.0,0.0,0.0
207,4,0.0,0.0,0.0
207,6,0.0,0.0,0.0
207,23,0.7599999999999999,0.36,0.8409518416651455
208,0,0.0,0.0,0.0
208,1,0.0,0.0,0.0
208,3,0.0,0.0,0.0
208,4,0.0,0.0,0.0
208,6,0.0,0.0,0.0
208,23,0.84,0.15999999999999998,0.8551023330572779
209,0,0.0,0.0,0.0
209,1,0.0,0.0,0.0
209,3,0.0,0.0,0.0
209,4,0.0,0.0,0.0
209,6,0.0,0.0,0.0
209,23,0.3999999999999999,0.12,0.4176122603564219
210,0,0.0,0.0,0.0
210,1,0.0,0.0,0.0
210,3,0.0,0.0,0.0
210,4,0.0,0.0,0.0
210,6,0.0,0.0,0.0
210,23,0.7599999999999999,0.0,0.7599999999999999
211,0,0.0,0.0,0.0
211,1,0.0,0.0,0.0
211,3,0.0,0.0,0.0
211,4,0.0,0.0,0.0
211,6,0.0,0.0,0.0
211,23,0.84,0.0,0.84
212,0,0.0,0.0,0.0
212,1,0.0,0.0,0.0
212,3,0.0,0.0,0.0
212,4,0.0,0.0,0.0
212,6,0.0,0.0,0.0
212,23,0.8799999999999999,0.48,1.0023971268913334
213,0,0.0,0.0,0.0
213,1,0.0,0.0,0.0
213,3,0.0,0.0,0.0
213,4,0.0,0.0,0.0
213,6,0.0,0.0,0.0
213,23,0.5199999999999999,0.24,0.572712842531054
214,0,0.0,0.0,0.0
214,1,0.0,0.0,0.0
214,3,0.0,0.0,0.0
214,4,0.0,0.0,0.0
214,6,0.0,0.0,0.0
214,23,0.27999999999999997,0.15999999999999998,0.32249030993194194
215,0,0.0,0.0,0.0
215,1,0.0,0.0,0.0
215,3,0.0,0.0,0.0
215,4,0.0,0.0,0.0
215,6,0.0,0.0,0.0
215,23,0.6,0.12,0.6118823416311342
